idno,inwdds,inwmms,inwyys,inwshh,inwsmm,inwdde,inwmme,inwyye,inwehh,inwemm
921018,6,11,2014,16,6,6,11,2014,16,33
921026,2,12,2014,14,29,2,12,2014,15,7
921034,15,10,2014,9,7,15,10,2014,9,56
921076,2,12,2014,10,10,2,12,2014,11,10
921084,25,11,2014,8,57,25,11,2014,9,42
921131,27,11,2014,10,10,27,11,2014,12,1
921165,4,10,2014,15,6,4,10,2014,15,58
921181,4,10,2014,11,16,4,10,2014,12,10
921199,18,11,2014,10,42,18,11,2014,11,22
921204,13,11,2014,10,26,13,11,2014,11,31
921220,22,10,2014,13,3,22,10,2014,14,10
921254,27,10,2014,9,13,27,10,2014,10,20
921262,15,10,2014,10,6,15,10,2014,11,0
921288,11,11,2014,14,12,11,11,2014,14,54
921296,18,1,2015,14,57,18,1,2015,15,36
921319,1,10,2014,12,2,1,10,2014,13,6
921327,10,10,2014,12,7,10,10,2014,13,51
921335,10,12,2014,18,30,10,12,2014,18,55
921377,16,10,2014,11,23,16,10,2014,12,37
921393,9,11,2014,14,3,9,11,2014,14,47
921408,29,10,2014,20,15,29,10,2014,21,30
921416,19,11,2014,13,2,19,11,2014,14,1
921424,18,11,2014,10,54,18,11,2014,11,29
921432,14,11,2014,14,0,14,11,2014,14,42
921440,27,11,2014,11,13,27,11,2014,12,27
921474,11,11,2014,13,5,11,11,2014,14,15
921490,24,10,2014,13,48,24,10,2014,14,34
921505,27,10,2014,16,32,27,10,2014,17,11
921521,25,11,2014,13,2,25,11,2014,13,53
921539,14,10,2014,10,55,14,10,2014,11,49
921547,16,11,2014,14,34,16,11,2014,15,13
921563,11,10,2014,9,23,11,10,2014,9,58
921571,20,10,2014,10,18,20,10,2014,11,14
921589,11,11,2014,14,0,11,11,2014,15,16
921610,25,11,2014,16,35,25,11,2014,17,40
921628,3,11,2014,13,3,3,11,2014,14,2
921636,27,10,2014,19,37,27,10,2014,20,45
921652,19,12,2014,10,0,19,12,2014,11,5
921660,7,10,2014,10,12,7,10,2014,11,19
921678,27,10,2014,10,0,27,10,2014,11,7
921733,8,11,2014,10,7,8,11,2014,11,8
921814,3,11,2014,9,0,3,11,2014,9,41
921856,27,10,2014,16,2,27,10,2014,17,16
921864,29,10,2014,20,6,29,10,2014,21,11
921872,30,10,2014,10,10,30,10,2014,11,26
921880,5,11,2014,16,32,5,11,2014,17,12
921898,8,10,2014,16,29,8,10,2014,17,46
921903,7,11,2014,10,29,7,11,2014,11,22
921911,25,11,2014,9,0,25,11,2014,10,5
921937,25,10,2014,14,17,25,10,2014,15,14
921945,11,12,2014,10,8,11,12,2014,11,9
921953,7,11,2014,10,20,7,11,2014,11,37
921987,14,10,2014,10,0,14,10,2014,10,55
922006,31,10,2014,9,18,31,10,2014,10,36
922014,21,1,2015,11,21,21,1,2015,12,3
922048,24,10,2014,15,37,24,10,2014,16,44
922056,27,10,2014,11,12,27,10,2014,12,39
922072,26,11,2014,16,10,26,11,2014,16,56
922080,24,11,2014,18,9,24,11,2014,18,54
922098,21,10,2014,15,25,21,10,2014,16,24
922103,27,10,2014,18,42,27,10,2014,19,32
922111,28,10,2014,13,22,28,10,2014,13,58
922129,13,11,2014,11,22,13,11,2014,12,19
922200,4,11,2014,16,3,4,11,2014,16,48
922226,31,10,2014,10,12,31,10,2014,11,11
922250,25,10,2014,17,27,25,10,2014,18,0
922268,20,10,2014,16,40,20,10,2014,17,35
922276,8,10,2014,10,0,8,10,2014,11,5
922284,27,10,2014,10,0,27,10,2014,10,54
922292,28,10,2014,11,6,28,10,2014,12,6
922315,11,11,2014,15,35,11,11,2014,16,32
922323,11,12,2014,15,14,11,12,2014,16,17
922381,8,10,2014,12,26,8,10,2014,13,10
922399,28,10,2014,15,29,28,10,2014,16,20
922404,4,12,2014,15,30,4,12,2014,16,16
922412,9,10,2014,11,14,9,10,2014,12,25
922420,3,11,2014,18,22,3,11,2014,19,21
922454,7,11,2014,12,1,7,11,2014,12,55
922462,25,10,2014,14,35,25,10,2014,15,17
922470,22,10,2014,10,13,22,10,2014,11,13
922501,26,10,2014,10,15,26,10,2014,11,15
922519,22,10,2014,17,11,22,10,2014,18,18
922535,13,10,2014,16,35,13,10,2014,17,41
922543,3,11,2014,15,2,3,11,2014,16,10
922569,17,10,2014,17,5,17,10,2014,17,50
922577,8,10,2014,14,12,8,10,2014,15,14
922593,19,11,2014,16,20,19,11,2014,17,0
922608,7,11,2014,12,2,7,11,2014,12,50
922616,15,11,2014,14,14,15,11,2014,15,15
922624,21,10,2014,15,5,21,10,2014,16,0
922640,7,11,2014,14,22,7,11,2014,14,59
922658,31,10,2014,9,36,31,10,2014,10,30
922690,23,10,2014,9,3,23,10,2014,9,56
922713,8,10,2014,13,2,8,10,2014,14,8
922721,13,11,2014,16,41,13,11,2014,17,55
922739,18,12,2014,15,5,18,12,2014,15,41
922763,29,10,2014,17,5,29,10,2014,18,22
922771,29,10,2014,17,40,29,10,2014,18,12
922789,22,12,2014,14,32,22,12,2014,15,19
922802,8,11,2014,10,10,8,11,2014,11,5
922852,22,10,2014,14,35,22,10,2014,15,28
922860,25,11,2014,16,27,25,11,2014,17,10
922886,8,12,2014,11,6,8,12,2014,11,55
922894,27,10,2014,17,4,27,10,2014,17,44
922925,26,10,2014,10,28,26,10,2014,11,7
922933,22,10,2014,17,4,22,10,2014,18,0
922941,6,11,2014,14,4,6,11,2014,14,35
922959,22,11,2014,13,14,22,11,2014,14,5
922967,14,12,2014,14,14,14,12,2014,15,16
922975,27,10,2014,15,55,27,10,2014,16,38
922983,20,10,2014,12,30,20,10,2014,13,46
922991,11,11,2014,12,30,11,11,2014,13,15
923052,21,10,2014,16,20,21,10,2014,17,12
923060,22,10,2014,10,0,22,10,2014,11,1
923094,11,11,2014,11,6,11,11,2014,12,20
923109,29,10,2014,14,42,29,10,2014,15,21
923125,13,10,2014,15,25,13,10,2014,16,15
923133,3,11,2014,20,1,3,11,2014,20,58
923141,24,11,2014,16,6,24,11,2014,16,54
923159,23,10,2014,12,43,23,10,2014,14,15
923167,4,10,2014,14,57,4,10,2014,15,57
923183,5,10,2014,15,42,5,10,2014,16,24
923191,21,10,2014,12,36,21,10,2014,13,47
923214,18,11,2014,8,21,18,11,2014,9,13
923256,9,10,2014,15,20,9,10,2014,16,7
923264,28,10,2014,12,32,28,10,2014,13,21
923272,17,11,2014,17,5,17,11,2014,17,48
923280,3,11,2014,16,16,3,11,2014,17,23
923329,21,10,2014,17,2,21,10,2014,17,40
923353,4,11,2014,17,19,4,11,2014,18,23
923361,14,12,2014,16,2,14,12,2014,16,56
923379,23,10,2014,17,57,23,10,2014,18,49
923395,4,12,2014,20,0,4,12,2014,20,41
923400,13,10,2014,16,50,13,10,2014,17,49
923418,31,10,2014,13,4,31,10,2014,14,5
923426,21,10,2014,14,7,21,10,2014,15,0
923434,21,1,2015,19,25,21,1,2015,20,24
923476,26,11,2014,11,54,26,11,2014,12,30
923492,13,10,2014,15,0,13,10,2014,16,7
923523,20,11,2014,12,9,20,11,2014,13,6
923531,17,12,2014,18,13,17,12,2014,19,10
923557,9,12,2014,18,10,9,12,2014,19,4
923573,14,11,2014,11,4,14,11,2014,12,6
923604,23,11,2014,15,35,23,11,2014,16,24
923612,15,11,2014,11,15,15,11,2014,12,41
923620,6,10,2014,14,41,6,10,2014,15,36
923646,22,10,2014,11,17,22,10,2014,12,7
923662,4,10,2014,9,1,4,10,2014,9,47
923670,4,11,2014,20,0,4,11,2014,20,53
923688,11,11,2014,17,55,11,11,2014,18,26
923701,16,10,2014,9,39,16,10,2014,10,50
923719,6,10,2014,8,47,6,10,2014,9,42
923727,15,10,2014,10,32,15,10,2014,11,18
923743,23,10,2014,17,13,23,10,2014,18,39
923769,30,10,2014,11,36,30,10,2014,12,27
923777,23,10,2014,16,4,23,10,2014,16,58
923785,1,10,2014,13,56,1,10,2014,14,52
923793,1,10,2014,14,0,1,10,2014,15,4
923808,19,12,2014,14,33,19,12,2014,15,35
923816,29,12,2014,15,58,29,12,2014,16,37
923824,28,10,2014,16,15,28,10,2014,17,11
923832,12,11,2014,14,17,12,11,2014,14,51
923858,23,12,2014,10,2,23,12,2014,10,42
923866,3,10,2014,9,58,3,10,2014,10,55
923882,17,10,2014,10,0,17,10,2014,11,6
923890,8,12,2014,18,57,8,12,2014,19,44
923905,22,10,2014,14,40,22,10,2014,15,28
923913,11,11,2014,15,7,11,11,2014,16,45
923939,16,10,2014,16,17,16,10,2014,17,11
923971,20,10,2014,13,20,20,10,2014,14,17
923989,9,11,2014,14,5,9,11,2014,15,13
923997,22,10,2014,19,5,22,10,2014,19,44
924024,10,11,2014,10,29,10,11,2014,11,31
924032,12,12,2014,11,4,12,12,2014,12,33
924040,15,10,2014,12,45,15,10,2014,13,28
924058,22,10,2014,16,21,22,10,2014,17,28
924066,14,11,2014,10,5,14,11,2014,11,23
924074,14,11,2014,10,15,14,11,2014,10,53
924090,8,11,2014,11,54,8,11,2014,12,33
924105,4,1,2015,9,10,4,1,2015,9,56
924113,3,12,2014,15,30,3,12,2014,16,12
924121,7,11,2014,15,4,7,11,2014,16,14
924139,27,10,2014,16,46,27,10,2014,17,52
924155,20,10,2014,10,9,20,10,2014,10,57
924163,23,10,2014,16,12,23,10,2014,16,50
924171,23,10,2014,16,30,23,10,2014,17,15
924202,13,10,2014,17,2,13,10,2014,17,41
924236,1,11,2014,10,2,1,11,2014,11,4
924244,30,10,2014,18,37,30,10,2014,19,12
924252,11,11,2014,16,30,11,11,2014,17,9
924278,6,10,2014,16,3,6,10,2014,17,23
924325,26,10,2014,12,14,26,10,2014,13,7
924359,4,11,2014,10,4,4,11,2014,10,52
924367,14,10,2014,13,8,14,10,2014,14,25
924375,10,11,2014,13,0,10,11,2014,13,41
924383,15,10,2014,18,32,15,10,2014,19,9
924406,24,10,2014,13,45,24,10,2014,14,58
924430,21,10,2014,17,6,21,10,2014,18,23
924464,27,11,2014,14,1,27,11,2014,14,42
924472,12,12,2014,10,19,12,12,2014,10,56
924480,13,11,2014,16,38,13,11,2014,17,45
924498,20,10,2014,15,0,20,10,2014,16,2
924503,16,10,2014,13,39,16,10,2014,15,15
924511,11,12,2014,17,9,11,12,2014,17,54
924529,2,12,2014,10,4,2,12,2014,10,55
924545,13,11,2014,18,2,13,11,2014,19,12
924561,15,10,2014,12,38,15,10,2014,13,35
924579,2,12,2014,14,31,2,12,2014,15,14
924595,28,10,2014,15,0,28,10,2014,15,42
924600,9,10,2014,16,39,9,10,2014,17,42
924618,11,11,2014,13,0,11,11,2014,13,56
924626,3,11,2014,16,33,3,11,2014,17,20
924676,13,10,2014,19,5,13,10,2014,20,17
924692,27,11,2014,17,20,27,11,2014,18,11
924715,21,11,2014,10,3,21,11,2014,10,54
924731,22,11,2014,14,52,22,11,2014,15,33
924781,20,10,2014,16,53,20,10,2014,17,32
924812,23,11,2014,11,21,23,11,2014,12,8
924846,24,11,2014,17,4,24,11,2014,18,15
924854,24,10,2014,9,25,24,10,2014,10,30
924862,22,10,2014,10,10,22,10,2014,11,5
924901,3,11,2014,18,57,3,11,2014,19,46
924943,13,12,2014,12,34,13,12,2014,13,28
924951,19,11,2014,18,12,19,11,2014,18,45
924969,27,10,2014,16,5,27,10,2014,16,40
924985,8,10,2014,9,7,8,10,2014,9,59
925038,19,10,2014,16,0,19,10,2014,17,4
925046,12,11,2014,17,25,12,11,2014,18,12
925054,12,11,2014,10,19,12,11,2014,11,6
925062,5,11,2014,17,1,5,11,2014,17,46
925088,6,10,2014,11,8,6,10,2014,12,10
925096,13,10,2014,14,0,13,10,2014,15,0
925101,12,1,2015,12,15,12,1,2015,12,55
925119,29,10,2014,11,12,29,10,2014,11,58
925127,20,11,2014,15,55,20,11,2014,16,40
925143,12,10,2014,14,10,12,10,2014,15,0
925169,23,10,2014,12,45,23,10,2014,14,0
925177,8,10,2014,17,41,8,10,2014,18,32
925185,15,10,2014,17,5,15,10,2014,17,49
925193,17,12,2014,17,16,17,12,2014,17,59
925216,12,11,2014,15,24,12,11,2014,16,9
925224,12,1,2015,11,50,12,1,2015,12,37
925232,3,11,2014,15,49,3,11,2014,16,38
925240,13,10,2014,14,29,13,10,2014,15,38
925258,4,12,2014,10,50,4,12,2014,11,22
925274,17,11,2014,13,5,17,11,2014,13,46
925282,18,11,2014,14,52,18,11,2014,15,48
925290,8,12,2014,13,3,8,12,2014,13,48
925305,4,11,2014,10,40,4,11,2014,11,35
925313,30,10,2014,14,8,30,10,2014,14,53
925355,18,11,2014,8,40,18,11,2014,9,26
925371,18,11,2014,17,20,18,11,2014,18,0
925397,8,10,2014,19,5,8,10,2014,19,43
925402,9,10,2014,9,35,9,10,2014,10,25
925410,8,12,2014,18,33,8,12,2014,19,24
925509,12,11,2014,9,58,12,11,2014,10,55
925525,7,10,2014,13,0,7,10,2014,13,50
925533,27,11,2014,16,39,27,11,2014,17,37
925541,22,10,2014,10,27,22,10,2014,11,13
925559,20,11,2014,10,28,20,11,2014,11,9
925567,7,10,2014,9,34,7,10,2014,10,23
925575,11,11,2014,11,9,11,11,2014,12,12
925583,20,10,2014,18,32,20,10,2014,19,4
925591,6,10,2014,14,17,6,10,2014,15,27
925606,19,11,2014,10,7,19,11,2014,10,56
925614,6,11,2014,16,43,6,11,2014,17,25
925622,2,10,2014,11,12,2,10,2014,11,59
925656,1,11,2014,14,21,1,11,2014,14,57
925680,27,10,2014,10,59,27,10,2014,11,54
925703,24,11,2014,17,8,24,11,2014,17,59
925745,20,10,2014,16,19,20,10,2014,17,25
925753,28,10,2014,17,25,28,10,2014,18,26
925761,14,11,2014,15,13,14,11,2014,15,57
925787,3,10,2014,13,22,3,10,2014,14,9
925795,27,11,2014,19,0,27,11,2014,19,53
925826,13,10,2014,10,11,13,10,2014,11,8
925876,18,11,2014,11,0,18,11,2014,11,46
925884,4,12,2014,19,20,4,12,2014,20,9
925923,24,11,2014,16,55,24,11,2014,17,42
925999,28,12,2014,11,5,28,12,2014,11,57
926026,17,11,2014,20,53,17,11,2014,21,30
926034,24,11,2014,19,2,24,11,2014,20,22
926050,21,10,2014,17,31,21,10,2014,18,18
926092,4,10,2014,13,22,4,10,2014,14,5
926107,5,11,2014,17,2,5,11,2014,17,46
926115,21,10,2014,15,30,21,10,2014,16,22
926131,4,11,2014,16,25,4,11,2014,17,22
926149,30,11,2014,13,8,30,11,2014,14,15
926181,8,12,2014,10,37,8,12,2014,12,0
926199,15,10,2014,10,2,15,10,2014,11,3
926238,12,11,2014,9,6,12,11,2014,9,57
926246,5,12,2014,11,59,5,12,2014,12,55
926288,18,11,2014,14,14,18,11,2014,15,16
926319,28,10,2014,15,15,28,10,2014,16,42
926343,9,12,2014,16,32,9,12,2014,17,30
926351,20,10,2014,11,0,20,10,2014,12,5
926377,22,10,2014,15,32,22,10,2014,16,18
926385,28,10,2014,15,45,28,10,2014,16,49
926408,21,11,2014,10,16,21,11,2014,10,59
926458,10,11,2014,13,0,10,11,2014,13,44
926513,29,10,2014,14,48,29,10,2014,16,1
926539,3,12,2014,8,3,3,12,2014,8,44
926555,27,10,2014,16,23,27,10,2014,16,52
926563,6,12,2014,15,58,6,12,2014,16,52
926589,22,10,2014,15,40,22,10,2014,16,35
926597,21,11,2014,9,58,21,11,2014,10,50
926652,8,10,2014,10,5,8,10,2014,11,38
926660,11,11,2014,15,11,11,11,2014,16,33
926678,6,10,2014,14,17,6,10,2014,15,53
926694,8,10,2014,10,11,8,10,2014,11,23
926709,12,11,2014,16,10,12,11,2014,17,5
926725,6,12,2014,9,8,6,12,2014,10,4
926733,21,11,2014,13,54,21,11,2014,14,31
926759,18,11,2014,16,37,18,11,2014,17,32
926767,20,10,2014,12,59,20,10,2014,13,47
926775,4,12,2014,18,13,4,12,2014,18,59
926806,7,1,2015,17,15,7,1,2015,18,5
926814,3,11,2014,11,10,3,11,2014,12,11
926822,16,10,2014,16,6,16,10,2014,17,20
926848,15,12,2014,19,25,15,12,2014,20,24
926872,27,10,2014,11,7,27,10,2014,11,59
926880,4,11,2014,15,37,4,11,2014,16,11
926898,11,11,2014,14,0,11,11,2014,14,55
926903,28,10,2014,10,38,28,10,2014,11,49
926911,3,12,2014,16,3,3,12,2014,16,48
926929,29,10,2014,14,7,29,10,2014,15,3
926937,30,10,2014,15,32,30,10,2014,16,36
926945,8,10,2014,10,9,8,10,2014,10,59
926953,1,11,2014,10,8,1,11,2014,10,54
926961,17,10,2014,10,6,17,10,2014,10,57
926979,28,10,2014,13,20,28,10,2014,14,19
926987,29,10,2014,16,0,29,10,2014,16,42
926995,11,12,2014,13,51,11,12,2014,14,25
927006,29,10,2014,11,11,29,10,2014,12,0
927048,8,11,2014,11,43,8,11,2014,12,22
927072,8,10,2014,8,0,8,10,2014,8,46
927098,10,12,2014,17,7,10,12,2014,17,49
927111,21,10,2014,9,0,21,10,2014,10,5
927137,19,11,2014,15,0,19,11,2014,15,53
927179,18,11,2014,10,3,18,11,2014,10,59
927187,22,10,2014,10,0,22,10,2014,11,7
927226,19,11,2014,19,6,19,11,2014,19,39
927250,21,10,2014,9,38,21,10,2014,10,32
927276,23,10,2014,18,59,23,10,2014,19,51
927284,28,10,2014,14,56,28,10,2014,16,33
927307,25,10,2014,12,4,25,10,2014,12,52
927323,24,11,2014,9,43,24,11,2014,10,22
927331,4,10,2014,14,45,4,10,2014,15,56
927349,24,10,2014,14,57,24,10,2014,15,46
927373,18,11,2014,11,28,18,11,2014,12,36
927381,13,11,2014,13,36,13,11,2014,14,39
927399,11,11,2014,16,42,11,11,2014,17,30
927462,14,10,2014,10,38,14,10,2014,11,38
927488,8,10,2014,19,2,8,10,2014,20,3
927585,27,11,2014,20,10,27,11,2014,20,45
927593,28,10,2014,17,10,28,10,2014,17,55
927608,16,10,2014,16,30,16,10,2014,17,10
927616,6,10,2014,10,5,6,10,2014,10,58
927624,20,10,2014,19,0,20,10,2014,20,26
927632,1,11,2014,12,56,1,11,2014,13,40
927640,3,11,2014,20,19,3,11,2014,21,5
927739,12,11,2014,19,10,12,11,2014,20,10
927763,9,10,2014,10,3,9,10,2014,10,57
927771,2,12,2014,18,45,2,12,2014,20,32
927828,13,11,2014,15,5,13,11,2014,15,50
927836,27,10,2014,15,12,27,10,2014,15,27
927860,4,11,2014,19,12,4,11,2014,20,19
927894,7,10,2014,9,50,7,10,2014,10,45
927933,4,11,2014,17,12,4,11,2014,18,21
927959,4,11,2014,14,32,4,11,2014,15,23
927967,20,10,2014,16,48,20,10,2014,17,45
927983,28,10,2014,12,0,28,10,2014,13,11
928002,27,10,2014,14,7,27,10,2014,15,22
928028,18,11,2014,12,10,18,11,2014,13,1
928044,12,1,2015,10,4,12,1,2015,10,39
928060,20,10,2014,16,30,20,10,2014,17,33
928086,19,11,2014,17,16,19,11,2014,17,58
928094,28,11,2014,16,58,28,11,2014,17,45
928109,26,10,2014,9,40,26,10,2014,10,29
928125,27,11,2014,17,40,27,11,2014,18,28
928133,11,10,2014,14,0,11,10,2014,15,31
928167,13,11,2014,16,39,13,11,2014,17,20
928175,21,10,2014,9,6,21,10,2014,9,54
928248,29,10,2014,18,46,29,10,2014,20,8
928256,30,10,2014,9,55,30,10,2014,10,43
928280,20,11,2014,11,6,20,11,2014,12,5
928298,1,11,2014,15,13,1,11,2014,16,22
928303,14,10,2014,17,2,14,10,2014,17,47
928311,31,10,2014,19,8,31,10,2014,19,53
928345,18,11,2014,19,7,18,11,2014,20,33
928361,17,11,2014,18,37,17,11,2014,19,42
928379,3,11,2014,17,7,3,11,2014,17,57
928400,22,10,2014,16,17,22,10,2014,17,4
928418,19,11,2014,16,1,19,11,2014,16,45
928434,31,10,2014,8,0,31,10,2014,8,47
928476,21,10,2014,19,0,21,10,2014,19,51
928492,4,11,2014,16,12,4,11,2014,16,56
928515,2,12,2014,10,31,2,12,2014,11,35
928565,11,12,2014,16,21,11,12,2014,17,21
928573,18,11,2014,14,55,18,11,2014,16,1
928604,22,10,2014,13,1,22,10,2014,13,54
928646,20,11,2014,11,1,20,11,2014,11,54
928662,2,12,2014,15,56,2,12,2014,16,29
928670,6,11,2014,19,13,6,11,2014,19,59
928701,14,12,2014,14,30,14,12,2014,15,23
928727,22,11,2014,14,12,22,11,2014,15,9
928735,4,11,2014,10,7,4,11,2014,12,21
928769,23,11,2014,10,6,23,11,2014,10,47
928777,16,10,2014,18,34,16,10,2014,19,29
928785,28,10,2014,17,0,28,10,2014,17,41
928808,25,11,2014,11,44,25,11,2014,12,39
928816,20,11,2014,16,29,20,11,2014,17,12
928824,1,12,2014,14,13,1,12,2014,15,14
928832,20,10,2014,10,17,20,10,2014,11,52
928840,26,10,2014,12,0,26,10,2014,12,43
928858,16,11,2014,11,13,16,11,2014,12,15
928874,2,12,2014,19,12,2,12,2014,20,4
928905,12,12,2014,11,3,12,12,2014,12,6
928913,29,10,2014,10,2,29,10,2014,10,49
928947,25,11,2014,9,22,25,11,2014,10,23
928955,22,10,2014,15,24,22,10,2014,16,50
928971,28,10,2014,10,20,28,10,2014,11,46
928997,2,11,2014,15,30,2,11,2014,17,19
929032,21,10,2014,12,39,21,10,2014,13,31
929040,26,11,2014,12,23,26,11,2014,13,22
929082,15,10,2014,9,21,15,10,2014,10,26
929090,30,11,2014,13,13,30,11,2014,13,59
929105,21,10,2014,11,12,21,10,2014,12,23
929121,23,11,2014,9,36,23,11,2014,10,33
929139,22,10,2014,10,27,22,10,2014,11,11
929147,8,10,2014,13,54,8,10,2014,14,20
929163,18,11,2014,14,10,18,11,2014,14,56
929171,12,11,2014,15,22,12,11,2014,16,15
929189,19,11,2014,15,47,19,11,2014,16,42
929197,28,10,2014,16,6,28,10,2014,16,45
929202,3,11,2014,15,0,3,11,2014,15,41
929210,27,10,2014,9,2,27,10,2014,10,15
929228,10,10,2014,14,21,10,10,2014,14,59
929294,6,10,2014,16,5,6,10,2014,17,1
929309,7,11,2014,10,30,7,11,2014,11,35
929325,5,11,2014,16,28,5,11,2014,17,40
929359,12,11,2014,19,5,12,11,2014,19,59
929367,12,11,2014,14,4,12,11,2014,14,49
929391,12,11,2014,10,0,12,11,2014,11,12
929406,6,10,2014,10,2,6,10,2014,11,12
929414,9,12,2014,16,30,9,12,2014,17,16
929448,6,11,2014,10,3,6,11,2014,10,55
929456,1,12,2014,16,2,1,12,2014,16,50
929464,13,11,2014,13,40,13,11,2014,14,32
929472,17,12,2014,15,41,17,12,2014,16,25
929480,29,10,2014,11,16,29,10,2014,12,17
929529,14,11,2014,17,0,14,11,2014,17,35
929537,7,10,2014,13,42,7,10,2014,14,30
929545,11,12,2014,19,4,11,12,2014,19,52
929561,20,12,2014,13,13,20,12,2014,14,23
929587,18,10,2014,13,40,18,10,2014,14,23
929600,8,10,2014,15,34,8,10,2014,16,58
929626,29,10,2014,15,10,29,10,2014,15,55
929642,11,12,2014,16,57,11,12,2014,17,48
929668,27,10,2014,10,12,27,10,2014,11,21
929676,30,10,2014,10,8,30,10,2014,11,30
929684,22,10,2014,12,6,22,10,2014,13,24
929692,21,10,2014,19,35,21,10,2014,20,27
929707,7,11,2014,16,30,7,11,2014,17,25
929749,31,10,2014,10,9,31,10,2014,11,34
929757,25,10,2014,10,4,25,10,2014,10,47
929781,15,12,2014,10,3,15,12,2014,10,52
929799,20,10,2014,15,3,20,10,2014,15,46
929854,8,10,2014,11,15,8,10,2014,12,4
929862,9,12,2014,18,33,9,12,2014,19,19
929870,30,10,2014,10,5,30,10,2014,11,16
929919,13,10,2014,14,55,13,10,2014,15,59
929951,21,11,2014,10,13,21,11,2014,10,53
929977,7,11,2014,15,25,7,11,2014,16,6
929985,21,10,2014,10,1,21,10,2014,10,52
929993,15,10,2014,19,7,15,10,2014,20,10
930023,7,11,2014,10,58,7,11,2014,11,29
930049,8,12,2014,15,30,8,12,2014,16,8
930057,20,10,2014,18,35,20,10,2014,17,30
930104,22,10,2014,17,4,22,10,2014,18,27
930112,13,11,2014,16,57,13,11,2014,17,52
930154,18,12,2014,10,37,18,12,2014,11,29
930170,9,11,2014,12,5,9,11,2014,13,3
930196,1,12,2014,10,6,1,12,2014,10,58
930219,14,12,2014,10,30,14,12,2014,11,15
930227,23,10,2014,10,52,23,10,2014,11,56
930285,25,11,2014,11,1,25,11,2014,11,45
930293,29,10,2014,10,3,29,10,2014,11,10
930316,4,12,2014,10,23,4,12,2014,11,10
930324,14,10,2014,12,57,14,10,2014,13,52
930332,11,12,2014,17,35,11,12,2014,18,21
930374,21,10,2014,18,3,21,10,2014,18,46
930382,28,10,2014,16,5,28,10,2014,16,55
930413,12,12,2014,17,5,12,12,2014,18,3
930439,27,11,2014,14,25,27,11,2014,15,40
930497,22,10,2014,10,5,22,10,2014,11,55
930510,22,10,2014,16,5,22,10,2014,16,51
930528,6,11,2014,16,5,6,11,2014,17,6
930578,18,11,2014,14,52,18,11,2014,15,46
930594,8,12,2014,19,56,8,12,2014,20,47
930625,13,10,2014,16,5,13,10,2014,17,6
930633,8,10,2014,16,35,8,10,2014,17,26
930659,2,11,2014,11,58,2,11,2014,12,42
930667,19,11,2014,11,26,19,11,2014,12,18
930714,19,11,2014,10,17,19,11,2014,11,30
930730,10,10,2014,10,59,10,10,2014,11,33
930772,21,11,2014,13,13,21,11,2014,14,8
930780,1,12,2014,16,32,1,12,2014,17,20
930811,8,11,2014,14,8,8,11,2014,15,13
930829,13,10,2014,14,7,13,10,2014,14,49
930845,26,11,2014,17,42,26,11,2014,18,12
930853,28,10,2014,15,2,28,10,2014,15,53
930879,1,12,2014,14,35,1,12,2014,15,14
930887,8,12,2014,21,5,8,12,2014,21,51
930926,21,10,2014,13,11,21,10,2014,15,18
930942,17,11,2014,10,0,17,11,2014,11,5
930968,15,12,2014,18,29,15,12,2014,19,25
930976,19,1,2015,18,41,19,1,2015,19,36
930984,13,10,2014,10,3,13,10,2014,10,46
930992,15,10,2014,10,0,15,10,2014,10,58
931003,3,11,2014,16,1,3,11,2014,16,49
931011,7,12,2014,19,30,7,12,2014,20,7
931029,30,10,2014,16,47,30,10,2014,17,31
931037,13,10,2014,12,6,13,10,2014,13,7
931087,5,10,2014,10,15,5,10,2014,10,9
931095,30,12,2014,12,39,30,12,2014,13,55
931118,22,10,2014,12,28,22,10,2014,13,27
931126,4,11,2014,14,10,4,11,2014,15,21
931134,24,10,2014,10,45,24,10,2014,11,42
931142,3,11,2014,9,3,3,11,2014,9,54
931150,17,10,2014,17,2,17,10,2014,18,3
931192,20,10,2014,10,1,20,10,2014,10,58
931207,9,10,2014,17,37,9,10,2014,18,33
931249,6,12,2014,13,59,6,12,2014,14,45
931281,25,11,2014,18,52,25,11,2014,19,39
931299,11,11,2014,16,5,11,11,2014,16,59
931304,11,11,2014,11,2,11,11,2014,11,35
931320,16,10,2014,10,5,16,10,2014,10,56
931338,25,10,2014,15,16,25,10,2014,15,57
931354,14,10,2014,15,50,14,10,2014,16,45
931370,19,12,2014,10,4,19,12,2014,11,5
931396,4,12,2014,11,5,4,12,2014,12,2
931419,18,11,2014,10,8,18,11,2014,11,5
931435,20,11,2014,10,41,20,11,2014,11,32
931443,9,1,2015,10,0,9,1,2015,10,47
931469,20,11,2014,15,5,20,11,2014,15,57
931493,28,10,2014,14,25,28,10,2014,15,27
931540,9,10,2014,16,5,9,10,2014,17,9
931566,19,11,2014,10,4,19,11,2014,10,51
931574,10,10,2014,10,12,10,10,2014,11,33
931605,20,10,2014,11,3,20,10,2014,12,5
931621,13,10,2014,15,58,13,10,2014,16,51
931639,31,10,2014,16,33,31,10,2014,17,30
931647,16,1,2015,11,53,16,1,2015,12,30
931663,22,10,2014,19,21,22,10,2014,20,9
931689,29,10,2014,13,50,29,10,2014,14,47
931697,21,10,2014,13,20,21,10,2014,14,12
931728,23,10,2014,10,27,23,10,2014,11,29
931736,29,10,2014,18,3,29,10,2014,19,0
931744,14,10,2014,10,0,14,10,2014,10,47
931794,27,11,2014,16,28,27,11,2014,16,45
931817,28,10,2014,10,26,28,10,2014,11,18
931825,29,12,2014,13,11,29,12,2014,14,9
931833,9,12,2014,17,10,9,12,2014,18,24
931841,28,11,2014,15,0,28,11,2014,15,50
931867,9,12,2014,17,4,9,12,2014,18,3
931906,21,10,2014,11,5,21,10,2014,11,55
931930,28,10,2014,14,31,28,10,2014,15,43
931948,8,10,2014,11,30,8,10,2014,12,20
931964,28,10,2014,12,59,28,10,2014,13,50
932025,19,11,2014,9,11,19,11,2014,10,12
932033,5,11,2014,9,16,5,11,2014,10,15
932041,13,10,2014,16,38,13,10,2014,17,5
932059,6,11,2014,13,9,6,11,2014,14,44
932067,27,11,2014,14,59,27,11,2014,15,46
932083,6,10,2014,15,55,6,10,2014,16,59
932091,14,10,2014,19,0,14,10,2014,19,40
932106,5,1,2015,8,4,5,1,2015,8,59
932130,3,11,2014,13,58,3,11,2014,14,48
932148,24,10,2014,11,11,24,10,2014,12,29
932156,5,10,2014,14,7,5,10,2014,15,27
932180,30,11,2014,10,19,30,11,2014,10,59
932229,7,11,2014,18,11,7,11,2014,18,45
932237,19,11,2014,10,6,19,11,2014,11,9
932245,4,10,2014,13,3,4,10,2014,13,51
932253,10,11,2014,17,22,10,11,2014,18,16
932261,31,10,2014,15,13,31,10,2014,16,0
932287,8,10,2014,15,39,8,10,2014,16,26
932318,30,10,2014,19,40,30,10,2014,20,30
932368,18,11,2014,17,5,18,11,2014,17,50
932407,24,11,2014,15,54,24,11,2014,16,33
932481,24,10,2014,16,44,24,10,2014,17,27
932499,30,10,2014,10,0,30,10,2014,11,11
932504,12,1,2015,19,50,12,1,2015,20,27
932512,7,11,2014,13,5,7,11,2014,14,3
932520,23,10,2014,17,44,23,10,2014,18,48
932538,29,10,2014,12,58,29,10,2014,13,50
932546,27,10,2014,13,0,27,10,2014,13,50
932562,13,11,2014,17,51,13,11,2014,18,36
932570,10,11,2014,10,0,10,11,2014,10,54
932588,21,11,2014,10,43,21,11,2014,11,27
932596,9,10,2014,16,32,9,10,2014,17,7
932601,3,11,2014,10,3,3,11,2014,11,3
932643,14,1,2015,18,45,14,1,2015,19,35
932651,30,11,2014,16,50,30,11,2014,17,31
932669,8,10,2014,16,55,8,10,2014,17,42
932677,13,11,2014,11,7,13,11,2014,11,58
932685,14,10,2014,14,21,14,10,2014,15,24
932708,18,11,2014,10,0,18,11,2014,10,52
932716,17,10,2014,15,27,17,10,2014,17,4
932724,16,12,2014,9,38,16,12,2014,10,36
932732,28,10,2014,10,5,28,10,2014,10,55
932758,23,10,2014,11,12,23,10,2014,12,2
932766,16,11,2014,14,5,16,11,2014,14,50
932774,19,11,2014,16,11,19,11,2014,16,53
932855,22,10,2014,14,5,22,10,2014,17,12
932871,29,10,2014,15,5,29,10,2014,16,10
932889,25,11,2014,19,40,25,11,2014,10,34
932897,15,10,2014,17,57,15,10,2014,18,50
932902,22,10,2014,11,40,22,10,2014,12,51
932910,15,12,2014,9,2,15,12,2014,9,44
932928,22,10,2014,10,8,22,10,2014,11,12
932978,16,12,2014,18,0,16,12,2014,18,30
933005,16,11,2014,16,58,16,11,2014,18,9
933013,6,11,2014,9,21,6,11,2014,10,4
933021,25,10,2014,11,13,25,10,2014,12,5
933039,11,12,2014,13,32,11,12,2014,14,23
933071,6,11,2014,18,1,6,11,2014,18,52
933097,17,10,2014,13,40,17,10,2014,14,35
933110,17,11,2014,17,39,17,11,2014,18,14
933128,23,11,2014,11,17,23,11,2014,12,1
933144,10,11,2014,10,13,10,11,2014,11,8
933160,20,10,2014,9,31,20,10,2014,10,24
933178,11,10,2014,14,39,11,10,2014,15,25
933186,7,11,2014,16,46,7,11,2014,17,42
933209,12,12,2014,12,30,12,12,2014,13,21
933233,9,10,2014,11,40,9,10,2014,12,48
933259,18,11,2014,9,9,18,11,2014,9,48
933275,21,10,2014,10,56,21,10,2014,11,40
933291,21,10,2014,10,7,21,10,2014,11,32
933322,22,10,2014,16,48,22,10,2014,17,28
933348,30,12,2014,15,39,30,12,2014,16,32
933372,22,12,2014,10,23,22,12,2014,11,20
933398,14,10,2014,13,0,14,10,2014,13,44
933403,23,12,2014,12,11,23,12,2014,13,4
933429,7,10,2014,10,19,7,10,2014,11,9
933445,9,11,2014,11,4,9,11,2014,12,3
933461,11,11,2014,9,42,11,11,2014,10,55
933487,11,10,2014,16,18,11,10,2014,17,36
933518,3,11,2014,16,39,3,11,2014,17,42
933542,7,12,2014,11,0,7,12,2014,12,0
933607,21,1,2015,12,25,21,1,2015,14,10
933623,28,10,2014,16,11,28,10,2014,16,45
933649,6,10,2014,11,30,6,10,2014,12,15
933657,9,12,2014,15,38,9,12,2014,16,18
933673,10,10,2014,10,56,10,10,2014,11,44
933704,26,11,2014,13,2,26,11,2014,14,27
933712,15,10,2014,9,11,15,10,2014,10,0
933738,29,10,2014,16,4,29,10,2014,17,38
933835,13,11,2014,16,20,13,11,2014,17,8
933869,15,12,2014,16,19,15,12,2014,17,26
933893,5,10,2014,16,10,5,10,2014,17,16
933908,12,11,2014,17,48,12,11,2014,18,30
933916,9,10,2014,10,35,9,10,2014,11,28
933924,3,11,2014,13,6,3,11,2014,13,54
933940,4,11,2014,11,16,4,11,2014,12,36
933974,5,10,2014,12,59,5,10,2014,14,2
933990,18,10,2014,15,0,18,10,2014,16,37
934001,9,12,2014,11,8,9,12,2014,11,49
934035,7,10,2014,15,14,7,10,2014,16,30
934069,8,10,2014,12,56,8,10,2014,13,45
934077,9,10,2014,19,4,9,10,2014,19,44
934093,15,12,2014,12,2,15,12,2014,12,39
934108,27,10,2014,14,16,27,10,2014,15,31
934124,10,11,2014,11,57,10,11,2014,12,35
934158,17,11,2014,16,38,17,11,2014,17,28
934190,5,11,2014,10,17,5,11,2014,10,58
934247,12,11,2014,12,59,12,11,2014,13,35
934255,20,10,2014,11,4,20,10,2014,12,7
934263,12,11,2014,9,1,12,11,2014,9,53
934289,13,1,2015,14,5,13,1,2015,14,54
934302,16,10,2014,13,13,16,10,2014,14,26
934344,21,10,2014,19,5,21,10,2014,19,51
934352,12,11,2014,16,53,12,11,2014,17,45
934360,4,11,2014,12,55,4,11,2014,14,18
934386,7,11,2014,10,3,7,11,2014,10,44
934433,18,11,2014,16,11,18,11,2014,17,15
934467,13,11,2014,19,22,13,11,2014,20,10
934475,29,12,2014,16,19,29,12,2014,16,58
934483,8,10,2014,15,9,8,10,2014,16,5
934491,11,12,2014,16,3,11,12,2014,16,45
934522,7,10,2014,12,41,7,10,2014,13,33
934548,6,10,2014,10,2,6,10,2014,11,12
934556,5,11,2014,9,58,5,11,2014,10,49
934564,29,11,2014,12,30,29,11,2014,13,4
934611,10,10,2014,15,3,10,10,2014,15,52
934629,6,11,2014,16,29,6,11,2014,17,33
934637,5,11,2014,16,57,5,11,2014,17,39
934645,23,10,2014,10,7,23,10,2014,11,13
934653,4,11,2014,20,45,4,11,2014,22,4
934661,22,10,2014,16,43,22,10,2014,17,37
934695,4,10,2014,10,44,4,10,2014,11,32
934700,31,10,2014,10,0,31,10,2014,10,50
934726,17,10,2014,10,16,17,10,2014,11,39
934750,29,10,2014,10,14,29,10,2014,11,31
934784,15,12,2014,11,55,15,12,2014,12,33
934807,19,11,2014,10,10,19,11,2014,10,53
934831,28,10,2014,16,40,28,10,2014,18,12
934865,20,10,2014,16,16,20,10,2014,17,59
934873,12,11,2014,11,5,12,11,2014,11,47
934881,20,10,2014,14,0,20,10,2014,15,2
934904,8,10,2014,14,14,8,10,2014,15,10
934912,20,1,2015,19,10,20,1,2015,20,9
934938,18,11,2014,13,2,18,11,2014,13,43
934954,22,10,2014,19,30,22,10,2014,20,46
934962,10,11,2014,15,2,10,11,2014,15,54
934970,17,11,2014,10,9,17,11,2014,11,32
934988,13,10,2014,17,0,13,10,2014,18,20
934996,10,10,2014,10,44,10,10,2014,11,26
935007,13,11,2014,17,7,13,11,2014,17,43
935057,13,12,2014,12,2,13,12,2014,13,6
935099,13,11,2014,11,0,13,11,2014,12,0
935104,11,11,2014,13,39,11,11,2014,14,31
935112,30,10,2014,15,3,30,10,2014,15,52
935138,17,11,2014,9,48,17,11,2014,10,51
935170,22,10,2014,15,4,22,10,2014,15,53
935235,9,12,2014,11,0,9,12,2014,11,35
935251,6,10,2014,10,0,6,10,2014,10,45
935269,6,10,2014,16,8,6,10,2014,17,3
935285,16,10,2014,10,2,16,10,2014,11,22
935316,20,10,2014,10,55,20,10,2014,11,42
935332,9,11,2014,17,31,9,11,2014,18,16
935340,13,10,2014,9,38,13,10,2014,10,27
935382,15,12,2014,10,4,15,12,2014,10,46
935405,20,10,2014,10,12,20,10,2014,10,58
935439,3,11,2014,10,49,3,11,2014,11,47
935463,6,11,2014,13,1,6,11,2014,13,41
935489,10,12,2014,12,2,10,12,2014,12,44
935502,13,1,2015,11,30,13,1,2015,12,27
935536,13,10,2014,10,6,13,10,2014,10,48
935560,27,10,2014,15,12,27,10,2014,15,53
935586,16,12,2014,16,42,16,12,2014,17,58
935594,30,1,2015,16,50,30,1,2015,17,31
935609,24,10,2014,17,6,24,10,2014,17,52
935633,3,11,2014,16,37,3,11,2014,17,44
935641,10,11,2014,15,34,10,11,2014,16,12
935659,6,11,2014,10,15,6,11,2014,11,10
935667,2,12,2014,16,13,2,12,2014,17,10
935706,6,10,2014,16,6,6,10,2014,17,9
935714,21,11,2014,13,38,21,11,2014,14,17
935764,17,11,2014,20,13,17,11,2014,21,2
935780,15,12,2014,19,25,15,12,2014,20,19
935811,7,11,2014,10,24,7,11,2014,11,20
935829,30,11,2014,12,14,30,11,2014,13,4
935845,3,12,2014,14,39,3,12,2014,15,38
935853,4,11,2014,14,6,4,11,2014,15,16
935879,1,12,2014,17,41,1,12,2014,18,31
935887,29,12,2014,13,0,29,12,2014,13,54
935895,27,10,2014,9,4,27,10,2014,9,42
935934,30,11,2014,15,13,30,11,2014,16,13
935950,23,10,2014,10,6,23,10,2014,11,10
935968,5,11,2014,9,12,5,11,2014,10,11
935976,23,12,2014,11,16,23,12,2014,12,22
935984,3,11,2014,10,0,3,11,2014,10,44
936003,30,10,2014,15,6,30,10,2014,15,55
936011,26,11,2014,9,58,26,11,2014,10,42
936037,18,11,2014,15,2,18,11,2014,16,7
936053,26,11,2014,18,32,26,11,2014,19,15
936079,17,11,2014,10,2,17,11,2014,10,51
936087,5,11,2014,18,40,5,11,2014,19,21
936095,22,10,2014,19,3,22,10,2014,19,55
936100,27,10,2014,19,5,27,10,2014,19,54
936118,12,11,2014,8,0,12,11,2014,8,43
936134,24,10,2014,17,3,24,10,2014,17,45
936150,27,10,2014,19,0,27,10,2014,20,21
936184,6,10,2014,11,12,6,10,2014,12,5
936207,5,12,2014,16,11,5,12,2014,17,3
936249,24,10,2014,12,42,24,10,2014,14,29
936265,17,11,2014,11,27,17,11,2014,12,18
936273,22,11,2014,11,17,22,11,2014,12,31
936281,1,10,2014,10,2,1,10,2014,11,5
936299,11,11,2014,17,0,11,11,2014,18,0
936312,8,10,2014,9,32,8,10,2014,10,25
936320,23,11,2014,14,10,23,11,2014,14,53
936346,8,1,2015,16,56,8,1,2015,17,47
936362,26,11,2014,11,34,26,11,2014,12,38
936370,3,11,2014,15,33,3,11,2014,16,36
936396,9,10,2014,15,30,9,10,2014,16,35
936427,21,10,2014,10,7,21,10,2014,10,57
936435,2,10,2014,10,48,2,10,2014,12,4
936443,15,10,2014,10,5,15,10,2014,11,28
936485,12,12,2014,16,17,12,12,2014,16,58
936516,17,12,2014,16,51,17,12,2014,18,12
936540,25,10,2014,10,11,25,10,2014,11,13
936558,26,10,2014,11,15,26,10,2014,12,10
936566,16,11,2014,16,35,16,11,2014,17,19
936574,1,12,2014,16,1,1,12,2014,17,0
936590,4,11,2014,16,4,4,11,2014,17,23
936621,12,11,2014,19,44,12,11,2014,20,22
936655,20,11,2014,16,51,20,11,2014,17,26
936663,27,10,2014,17,24,27,10,2014,18,27
936697,9,12,2014,9,55,9,12,2014,10,30
936702,7,11,2014,9,57,7,11,2014,10,38
936710,12,11,2014,12,50,12,11,2014,14,0
936728,24,10,2014,15,21,24,10,2014,16,5
936736,6,11,2014,10,58,6,11,2014,11,55
936744,3,10,2014,13,2,3,10,2014,14,9
936752,7,10,2014,14,26,7,10,2014,16,26
936760,31,10,2014,15,56,31,10,2014,17,8
936778,1,12,2014,16,8,1,12,2014,17,12
936794,13,10,2014,15,28,13,10,2014,16,30
936825,18,10,2014,16,0,18,10,2014,16,40
936859,17,10,2014,10,5,17,10,2014,11,17
936883,30,10,2014,10,5,30,10,2014,10,58
936906,2,12,2014,16,5,2,12,2014,17,15
936922,23,10,2014,15,4,23,10,2014,16,0
936948,30,12,2014,15,5,30,12,2014,15,52
936956,31,10,2014,11,0,31,10,2014,12,30
936964,28,10,2014,9,6,28,10,2014,10,41
936980,12,12,2014,16,2,12,12,2014,16,47
936998,4,11,2014,17,18,4,11,2014,17,55
937009,20,11,2014,16,55,20,11,2014,17,45
937017,18,11,2014,8,34,18,11,2014,9,13
937041,25,11,2014,16,8,25,11,2014,16,57
937059,12,11,2014,11,18,12,11,2014,12,7
937083,11,12,2014,16,34,11,12,2014,17,22
937106,11,11,2014,16,32,11,11,2014,17,6
937114,26,11,2014,9,14,26,11,2014,10,7
937148,13,10,2014,8,33,13,10,2014,9,35
937172,7,10,2014,11,5,7,10,2014,12,10
937180,3,11,2014,13,10,3,11,2014,14,5
937198,10,10,2014,13,0,10,10,2014,13,44
937245,28,10,2014,16,6,28,10,2014,17,23
937253,7,11,2014,16,24,7,11,2014,17,20
937261,24,10,2014,10,19,24,10,2014,11,15
937318,8,11,2014,14,21,8,11,2014,15,3
937342,8,10,2014,13,5,8,10,2014,14,10
937368,22,10,2014,10,4,22,10,2014,11,2
937376,20,10,2014,8,43,20,10,2014,9,53
937384,7,12,2014,11,15,7,12,2014,11,52
937392,9,10,2014,16,24,9,10,2014,17,23
937415,1,11,2014,14,1,1,11,2014,14,53
937423,5,11,2014,18,33,5,11,2014,19,9
937431,6,10,2014,8,59,6,10,2014,9,44
937449,28,10,2014,19,1,28,10,2014,19,42
937465,8,10,2014,15,41,8,10,2014,16,32
937499,19,11,2014,16,15,19,11,2014,16,55
937504,10,12,2014,10,5,10,12,2014,11,15
937538,28,12,2014,16,0,28,12,2014,16,43
937546,20,11,2014,10,6,20,11,2014,11,9
937554,23,10,2014,17,0,23,10,2014,18,3
937562,20,11,2014,8,35,20,11,2014,9,42
937596,19,10,2014,16,24,19,10,2014,17,5
937619,16,12,2014,14,6,16,12,2014,14,56
937627,28,11,2014,13,12,28,11,2014,13,49
937643,9,10,2014,17,29,9,10,2014,18,54
937677,22,10,2014,10,18,22,10,2014,11,26
937716,11,11,2014,10,3,11,11,2014,10,57
937758,24,11,2014,19,59,24,11,2014,20,52
937774,7,10,2014,16,40,7,10,2014,17,53
937782,12,11,2014,16,58,12,11,2014,17,40
937805,21,10,2014,16,38,21,10,2014,17,26
937813,31,10,2014,19,13,31,10,2014,20,33
937821,10,10,2014,10,10,10,10,2014,11,12
937839,16,12,2014,16,29,16,12,2014,17,24
937863,15,10,2014,16,55,15,10,2014,17,56
937910,1,12,2014,13,7,1,12,2014,14,11
937928,27,11,2014,14,8,27,11,2014,15,11
937952,1,11,2014,11,15,1,11,2014,12,43
937960,12,11,2014,18,15,12,11,2014,19,19
938005,12,11,2014,10,47,12,11,2014,11,43
938013,12,11,2014,11,18,12,11,2014,12,21
938039,5,12,2014,10,13,5,12,2014,11,4
938047,23,10,2014,18,0,23,10,2014,18,57
938055,12,11,2014,17,3,12,11,2014,18,6
938063,17,10,2014,14,2,17,10,2014,14,56
938071,19,11,2014,13,0,19,11,2014,13,42
938102,12,11,2014,15,54,12,11,2014,16,49
938110,23,10,2014,18,58,23,10,2014,19,44
938128,11,11,2014,15,6,11,11,2014,15,55
938136,4,12,2014,9,47,4,12,2014,10,21
938160,16,10,2014,16,42,16,10,2014,17,33
938178,5,12,2014,14,5,5,12,2014,15,21
938194,23,10,2014,16,26,23,10,2014,17,37
938225,3,11,2014,16,3,3,11,2014,16,57
938241,18,12,2014,11,6,18,12,2014,12,16
938259,14,10,2014,19,31,14,10,2014,20,28
938283,27,11,2014,19,6,27,11,2014,20,16
938348,11,11,2014,14,9,11,11,2014,15,12
938356,4,11,2014,16,29,4,11,2014,17,32
938364,18,11,2014,10,3,18,11,2014,10,50
938372,29,10,2014,9,36,29,10,2014,10,33
938380,14,11,2014,11,4,14,11,2014,11,43
938398,9,10,2014,19,30,9,10,2014,20,24
938411,8,10,2014,16,13,8,10,2014,17,2
938437,26,10,2014,13,11,26,10,2014,14,0
938453,6,10,2014,18,47,6,10,2014,20,7
938461,25,11,2014,9,4,25,11,2014,9,53
938479,11,1,2015,9,58,11,1,2015,10,46
938487,28,11,2014,11,10,28,11,2014,12,11
938495,23,10,2014,10,0,23,10,2014,11,24
938534,25,11,2014,19,12,25,11,2014,20,0
938542,22,10,2014,15,2,22,10,2014,15,54
938550,23,10,2014,15,25,23,10,2014,16,33
938607,30,10,2014,16,8,30,10,2014,16,47
938615,6,11,2014,15,40,6,11,2014,16,30
938623,18,12,2014,10,10,18,12,2014,11,11
938631,27,10,2014,16,3,27,10,2014,16,46
938657,6,10,2014,20,16,6,10,2014,21,22
938665,30,10,2014,17,5,30,10,2014,17,55
938681,10,11,2014,19,19,10,11,2014,20,6
938699,6,10,2014,13,32,6,10,2014,14,28
938704,23,10,2014,10,9,23,10,2014,11,5
938720,27,11,2014,10,5,27,11,2014,11,13
938788,7,10,2014,13,11,7,10,2014,14,36
938843,13,11,2014,15,5,13,11,2014,16,5
938851,31,10,2014,13,6,31,10,2014,13,48
938885,3,10,2014,15,19,3,10,2014,16,13
938908,25,10,2014,14,15,25,10,2014,15,5
938916,30,12,2014,9,59,30,12,2014,10,32
938932,22,12,2014,15,15,22,12,2014,16,21
938940,24,10,2014,17,0,24,10,2014,17,53
938958,24,11,2014,9,13,24,11,2014,10,16
938966,24,10,2014,11,3,24,10,2014,12,1
938974,6,11,2014,12,40,6,11,2014,14,0
939001,16,11,2014,12,57,16,11,2014,13,31
939019,19,10,2014,14,57,19,10,2014,15,43
939051,27,10,2014,14,32,27,10,2014,15,25
939093,1,11,2014,15,24,1,11,2014,16,35
939116,27,10,2014,10,17,27,10,2014,11,12
939124,10,12,2014,14,35,10,12,2014,15,32
939132,2,12,2014,11,2,2,12,2014,11,52
939140,11,11,2014,9,26,11,11,2014,10,6
939174,8,11,2014,11,20,8,11,2014,12,9
939182,10,12,2014,9,15,10,12,2014,9,59
939190,13,10,2014,11,7,13,10,2014,12,6
939239,24,11,2014,20,0,24,11,2014,20,40
939271,26,11,2014,10,27,26,11,2014,11,27
939297,22,10,2014,10,18,22,10,2014,11,21
939302,26,10,2014,13,56,26,10,2014,14,40
939344,29,10,2014,16,12,29,10,2014,17,8
939360,16,11,2014,11,9,16,11,2014,12,5
939386,4,12,2014,9,0,4,12,2014,9,43
939433,8,10,2014,14,9,8,10,2014,15,21
939441,30,10,2014,15,35,30,10,2014,16,3
939459,4,11,2014,16,25,4,11,2014,17,3
939467,11,11,2014,16,5,11,11,2014,17,14
939483,8,12,2014,11,39,8,12,2014,12,55
939491,19,10,2014,11,42,19,10,2014,12,30
939506,8,11,2014,13,5,8,11,2014,13,47
939530,30,10,2014,10,1,30,10,2014,10,46
939556,20,10,2014,10,0,20,10,2014,10,44
939603,1,12,2014,17,41,1,12,2014,18,41
939611,22,10,2014,10,1,22,10,2014,11,7
939629,28,10,2014,16,11,28,10,2014,17,25
939637,17,12,2014,16,5,17,12,2014,16,45
939653,6,11,2014,18,24,6,11,2014,19,23
939661,15,10,2014,10,2,15,10,2014,10,48
939700,24,10,2014,9,59,24,10,2014,10,51
939718,7,11,2014,15,0,7,11,2014,16,2
939742,12,11,2014,14,35,12,11,2014,15,20
939784,13,10,2014,11,12,13,10,2014,12,19
939792,3,11,2014,10,0,3,11,2014,10,41
939807,9,10,2014,9,1,9,10,2014,10,7
939865,16,11,2014,11,6,16,11,2014,12,25
939873,18,10,2014,14,59,18,10,2014,16,0
939881,28,10,2014,10,15,28,10,2014,11,7
939899,8,10,2014,15,28,8,10,2014,16,14
939904,9,10,2014,10,7,9,10,2014,11,0
939920,21,10,2014,10,7,21,10,2014,10,57
939938,4,12,2014,11,6,4,12,2014,11,51
939946,29,10,2014,15,35,29,10,2014,16,25
939970,6,10,2014,17,13,6,10,2014,18,4
940026,26,10,2014,14,18,26,10,2014,15,4
940034,29,10,2014,10,22,29,10,2014,11,38
940042,21,11,2014,13,35,21,11,2014,14,24
940050,3,11,2014,16,0,3,11,2014,16,38
940076,14,10,2014,13,30,14,10,2014,14,11
940084,6,10,2014,11,40,6,10,2014,12,29
940107,11,11,2014,11,22,11,11,2014,11,57
940149,21,10,2014,8,37,21,10,2014,10,10
940165,23,12,2014,16,45,23,12,2014,17,49
940173,13,11,2014,15,13,13,11,2014,16,22
940199,8,12,2014,15,0,8,12,2014,16,3
940246,20,11,2014,19,33,20,11,2014,20,19
940254,15,12,2014,11,3,15,12,2014,11,59
940288,15,10,2014,9,36,15,10,2014,10,37
940296,3,11,2014,17,14,3,11,2014,17,56
940301,24,11,2014,16,0,24,11,2014,16,46
940319,11,11,2014,13,13,11,11,2014,14,9
940335,12,10,2014,11,28,12,10,2014,12,9
940343,11,11,2014,14,19,11,11,2014,15,15
940351,3,12,2014,10,12,3,12,2014,11,14
940369,4,11,2014,10,2,4,11,2014,11,21
940377,9,10,2014,20,1,9,10,2014,21,7
940385,13,10,2014,13,36,13,10,2014,14,24
940416,1,11,2014,14,3,1,11,2014,15,12
940424,1,10,2014,16,34,1,10,2014,17,50
940440,7,10,2014,16,8,7,10,2014,16,59
940458,9,10,2014,11,5,9,10,2014,11,55
940466,27,11,2014,16,40,27,11,2014,17,15
940490,13,1,2015,9,54,13,1,2015,10,38
940505,30,10,2014,9,50,30,10,2014,10,48
940539,30,10,2014,14,27,30,10,2014,15,19
940547,10,10,2014,13,28,10,10,2014,14,28
940571,8,12,2014,19,20,8,12,2014,20,18
940628,6,10,2014,11,56,6,10,2014,12,47
940644,6,11,2014,18,50,6,11,2014,19,48
940652,21,10,2014,9,0,21,10,2014,9,55
940660,17,12,2014,10,16,17,12,2014,11,29
940678,18,11,2014,10,0,18,11,2014,11,15
940686,30,10,2014,16,40,30,10,2014,17,41
940694,10,10,2014,17,0,10,10,2014,18,23
940717,14,10,2014,12,15,14,10,2014,13,27
940725,6,10,2014,13,0,6,10,2014,14,47
940733,19,11,2014,13,18,19,11,2014,14,10
940759,23,10,2014,16,0,23,10,2014,16,40
940775,16,10,2014,11,21,16,10,2014,12,58
940783,24,10,2014,14,0,24,10,2014,15,1
940806,18,10,2014,10,8,18,10,2014,11,1
940822,4,11,2014,16,4,4,11,2014,17,18
940830,13,10,2014,13,52,13,10,2014,14,43
940848,23,10,2014,15,3,23,10,2014,15,59
940856,28,11,2014,17,2,28,11,2014,17,48
940864,3,11,2014,16,2,3,11,2014,17,7
940880,6,11,2014,17,30,6,11,2014,18,21
940898,6,11,2014,15,18,6,11,2014,16,17
940903,11,12,2014,16,10,11,12,2014,16,52
940945,10,11,2014,16,43,10,11,2014,17,50
940979,5,12,2014,17,0,5,12,2014,17,47
940987,10,10,2014,15,18,10,10,2014,16,33
941014,2,12,2014,16,45,2,12,2014,17,30
941030,13,10,2014,15,47,13,10,2014,16,51
941103,8,10,2014,17,17,8,10,2014,18,1
941129,22,12,2014,11,40,22,12,2014,12,33
941153,14,11,2014,14,22,14,11,2014,14,49
941179,24,10,2014,11,10,24,10,2014,12,18
941195,23,10,2014,15,2,23,10,2014,15,40
941200,27,10,2014,19,4,27,10,2014,19,45
941226,19,11,2014,17,46,19,11,2014,18,29
941242,28,10,2014,9,9,28,10,2014,10,32
941268,20,10,2014,17,5,20,10,2014,17,54
941284,20,11,2014,13,5,20,11,2014,14,8
941307,27,10,2014,18,0,27,10,2014,19,0
941323,26,11,2014,10,32,26,11,2014,11,40
941331,30,11,2014,17,15,30,11,2014,18,9
941365,5,11,2014,11,6,5,11,2014,11,42
941373,19,10,2014,13,5,19,10,2014,13,57
941412,23,10,2014,8,21,23,10,2014,9,13
941420,20,12,2014,13,2,20,12,2014,13,59
941438,4,11,2014,18,3,4,11,2014,18,45
941470,30,10,2014,16,15,30,10,2014,17,9
941501,9,10,2014,13,12,9,10,2014,14,38
941519,28,10,2014,10,3,28,10,2014,11,9
941535,10,12,2014,17,43,10,12,2014,18,38
941543,27,11,2014,9,0,27,11,2014,9,45
941551,19,10,2014,15,50,19,10,2014,17,12
941569,19,11,2014,20,8,19,11,2014,20,53
941577,20,11,2014,14,58,20,11,2014,15,44
941585,13,10,2014,12,0,13,10,2014,12,50
941608,17,11,2014,19,9,17,11,2014,20,2
941640,2,10,2014,9,5,2,10,2014,10,0
941674,9,10,2014,14,18,9,10,2014,15,34
941721,13,10,2014,8,33,13,10,2014,9,42
941739,10,11,2014,9,22,10,11,2014,10,14
941747,8,12,2014,15,12,8,12,2014,16,27
941755,1,11,2014,10,13,1,11,2014,11,10
941763,12,10,2014,14,11,12,10,2014,15,29
941771,21,11,2014,9,30,21,11,2014,10,22
941797,21,12,2014,16,45,21,12,2014,17,30
941802,27,11,2014,13,6,27,11,2014,14,14
941828,9,10,2014,9,55,9,10,2014,11,0
941844,15,10,2014,10,0,15,10,2014,11,4
941860,25,11,2014,8,50,25,11,2014,9,42
941878,27,11,2014,17,11,27,11,2014,17,58
941886,26,11,2014,19,0,26,11,2014,19,47
941894,7,11,2014,13,40,7,11,2014,14,24
941909,3,11,2014,15,9,3,11,2014,15,50
941917,28,10,2014,9,19,28,10,2014,10,8
941959,26,10,2014,15,42,26,10,2014,18,29
941975,8,10,2014,15,0,8,10,2014,16,9
941983,30,12,2014,14,37,30,12,2014,15,57
941991,3,12,2014,14,15,3,12,2014,15,20
942010,23,10,2014,10,4,23,10,2014,10,54
942036,24,10,2014,11,9,24,10,2014,11,47
942044,7,10,2014,15,24,7,10,2014,15,59
942078,18,11,2014,15,34,18,11,2014,16,38
942086,24,11,2014,15,7,24,11,2014,16,1
942094,5,12,2014,14,23,5,12,2014,15,41
942117,25,11,2014,19,25,25,11,2014,20,21
942141,1,10,2014,16,13,1,10,2014,17,7
942175,21,11,2014,9,18,21,11,2014,10,20
942183,4,11,2014,15,42,4,11,2014,16,29
942230,17,10,2014,13,19,17,10,2014,14,19
942248,30,10,2014,17,0,30,10,2014,17,40
942256,11,11,2014,18,51,11,11,2014,19,52
942264,17,12,2014,18,39,17,12,2014,19,13
942280,27,10,2014,15,5,27,10,2014,16,9
942298,17,12,2014,19,3,17,12,2014,19,1
942337,10,11,2014,17,59,10,11,2014,18,40
942361,7,11,2014,11,45,7,11,2014,12,46
942395,29,10,2014,10,21,29,10,2014,11,15
942442,28,10,2014,13,50,28,10,2014,14,54
942468,11,11,2014,15,49,11,11,2014,16,33
942476,12,11,2014,17,6,12,11,2014,17,52
942484,21,11,2014,16,20,21,11,2014,17,10
942492,8,10,2014,15,13,8,10,2014,16,53
942515,19,12,2014,14,8,19,12,2014,15,36
942531,7,11,2014,18,11,7,11,2014,19,32
942557,7,10,2014,12,14,7,10,2014,13,0
942565,16,10,2014,15,55,16,10,2014,16,45
942599,4,11,2014,17,33,4,11,2014,18,35
942604,10,11,2014,19,9,10,11,2014,20,13
942620,14,11,2014,19,11,14,11,2014,20,24
942638,9,12,2014,16,4,9,12,2014,17,2
942662,6,11,2014,19,13,6,11,2014,20,12
942701,16,10,2014,15,54,16,10,2014,16,57
942719,27,10,2014,10,4,27,10,2014,10,52
942727,16,10,2014,14,34,16,10,2014,15,17
942743,18,11,2014,12,16,18,11,2014,13,1
942785,15,11,2014,11,4,15,11,2014,11,57
942793,3,11,2014,20,13,3,11,2014,21,12
942808,7,11,2014,17,43,7,11,2014,19,1
942816,20,10,2014,9,29,20,10,2014,10,23
942824,7,10,2014,16,53,7,10,2014,17,51
942840,6,10,2014,10,0,6,10,2014,10,46
942866,7,11,2014,10,2,7,11,2014,10,57
942874,12,11,2014,14,8,12,11,2014,15,32
942890,28,10,2014,14,40,28,10,2014,15,25
942913,11,10,2014,10,31,11,10,2014,11,39
942939,27,10,2014,14,2,27,10,2014,15,14
942947,3,11,2014,13,30,3,11,2014,14,24
942955,12,11,2014,11,7,12,11,2014,11,51
942963,6,10,2014,13,50,6,10,2014,15,6
943008,27,10,2014,14,0,27,10,2014,15,6
943016,8,12,2014,17,1,8,12,2014,17,47
943040,29,10,2014,18,2,29,10,2014,18,45
943058,3,12,2014,10,5,3,12,2014,11,5
943066,16,11,2014,10,20,16,11,2014,11,24
943082,17,12,2014,19,0,17,12,2014,19,50
943090,20,10,2014,19,0,20,10,2014,19,39
943105,25,11,2014,16,52,25,11,2014,17,51
943121,26,11,2014,16,3,26,11,2014,17,2
943147,10,11,2014,15,35,10,11,2014,16,25
943155,7,10,2014,19,4,7,10,2014,19,48
943171,27,11,2014,11,6,27,11,2014,11,52
943210,10,11,2014,19,11,10,11,2014,20,12
943236,6,10,2014,13,48,6,10,2014,15,4
943260,21,11,2014,10,5,21,11,2014,11,5
943278,2,12,2014,16,28,2,12,2014,17,17
943286,12,12,2014,11,4,12,12,2014,11,43
943294,15,12,2014,20,5,15,12,2014,21,3
943309,21,10,2014,16,23,21,10,2014,17,6
943317,16,1,2015,14,44,16,1,2015,15,16
943325,24,11,2014,11,0,24,11,2014,12,26
943333,19,11,2014,12,40,19,11,2014,13,33
943341,5,12,2014,14,18,5,12,2014,15,4
943367,15,12,2014,15,2,15,12,2014,15,40
943430,27,10,2014,11,3,27,10,2014,12,5
943448,11,12,2014,9,7,11,12,2014,10,26
943464,28,10,2014,10,11,28,10,2014,11,35
943480,27,10,2014,10,10,27,10,2014,11,7
943498,23,10,2014,17,16,23,10,2014,18,37
943511,19,12,2014,16,40,19,12,2014,17,50
943529,11,10,2014,10,15,11,10,2014,11,10
943545,6,11,2014,16,31,6,11,2014,17,9
943553,9,11,2014,19,3,9,11,2014,19,52
943595,20,10,2014,20,11,20,10,2014,21,9
943618,20,10,2014,10,5,20,10,2014,11,6
943626,18,12,2014,13,9,18,12,2014,14,18
943634,26,11,2014,17,5,26,11,2014,18,3
943642,8,12,2014,15,51,8,12,2014,17,37
943668,13,10,2014,13,0,13,10,2014,13,43
943684,14,11,2014,15,28,14,11,2014,16,16
943715,5,11,2014,18,59,5,11,2014,19,39
943749,5,12,2014,16,6,5,12,2014,17,21
943757,23,12,2014,9,1,23,12,2014,9,47
943765,6,11,2014,17,50,6,11,2014,18,39
943773,2,10,2014,9,38,2,10,2014,10,48
943846,20,11,2014,10,7,20,11,2014,10,56
943896,24,10,2014,10,20,24,10,2014,10,50
943927,24,10,2014,9,8,24,10,2014,10,32
943951,8,10,2014,20,14,8,10,2014,21,7
943969,3,10,2014,10,5,3,10,2014,10,49
943985,3,11,2014,20,0,3,11,2014,20,52
943993,3,10,2014,15,52,3,10,2014,16,48
944004,23,10,2014,17,5,23,10,2014,17,53
944012,12,11,2014,15,32,12,11,2014,16,21
944020,13,11,2014,17,42,13,11,2014,18,40
944046,26,10,2014,11,16,26,10,2014,11,57
944062,20,11,2014,16,1,20,11,2014,17,2
944070,25,11,2014,18,5,25,11,2014,18,40
944088,21,10,2014,17,8,21,10,2014,17,51
944101,7,11,2014,16,8,7,11,2014,17,3
944119,17,12,2014,14,30,17,12,2014,15,20
944127,6,11,2014,15,5,6,11,2014,16,5
944135,25,10,2014,15,22,25,10,2014,16,23
944193,15,12,2014,17,29,15,12,2014,18,26
944208,1,11,2014,17,39,1,11,2014,18,29
944216,25,10,2014,17,7,25,10,2014,18,5
944258,20,11,2014,11,10,20,11,2014,11,55
944266,23,10,2014,13,0,23,10,2014,13,57
944313,20,10,2014,9,30,20,10,2014,10,30
944347,6,10,2014,17,55,6,10,2014,18,51
944355,21,10,2014,15,54,21,10,2014,16,36
944363,6,11,2014,18,7,6,11,2014,18,57
944371,12,11,2014,17,13,12,11,2014,18,28
944397,8,10,2014,9,46,8,10,2014,10,18
944428,3,11,2014,18,36,3,11,2014,19,37
944436,23,10,2014,12,0,23,10,2014,12,55
944444,30,11,2014,10,36,30,11,2014,11,21
944478,12,11,2014,16,50,12,11,2014,18,2
944517,13,11,2014,16,35,13,11,2014,17,39
944525,17,12,2014,14,37,17,12,2014,16,1
944541,14,10,2014,17,5,14,10,2014,17,55
944567,23,10,2014,16,16,23,10,2014,17,37
944575,24,11,2014,21,20,24,11,2014,22,5
944591,20,10,2014,10,8,20,10,2014,11,12
944606,13,10,2014,12,40,13,10,2014,13,35
944622,11,11,2014,19,0,11,11,2014,19,48
944630,21,10,2014,15,0,21,10,2014,15,39
944648,8,10,2014,9,30,8,10,2014,10,28
944664,22,10,2014,10,10,22,10,2014,11,7
944672,8,10,2014,19,33,8,10,2014,20,35
944698,18,10,2014,11,2,18,10,2014,11,40
944711,22,11,2014,11,1,22,11,2014,11,49
944729,17,12,2014,10,9,17,12,2014,10,42
944753,24,10,2014,10,0,24,10,2014,11,19
944779,21,10,2014,10,10,21,10,2014,11,24
944787,15,12,2014,16,5,15,12,2014,16,56
944818,3,12,2014,19,8,3,12,2014,19,51
944826,26,11,2014,10,38,26,11,2014,11,53
944876,9,10,2014,9,8,9,10,2014,9,57
944923,21,11,2014,15,56,21,11,2014,16,47
944931,11,10,2014,14,36,11,10,2014,15,26
944949,4,11,2014,20,13,4,11,2014,21,27
944999,25,11,2014,15,54,25,11,2014,16,25
945018,16,10,2014,19,2,16,10,2014,19,56
945026,28,10,2014,18,58,28,10,2014,20,19
945034,21,11,2014,10,15,21,11,2014,11,16
945042,18,12,2014,16,24,18,12,2014,17,14
945068,19,10,2014,11,45,19,10,2014,12,32
945076,25,11,2014,10,2,25,11,2014,10,53
945084,20,11,2014,11,0,20,11,2014,11,45
945092,21,11,2014,16,38,21,11,2014,17,28
945107,17,10,2014,12,9,17,10,2014,13,10
945149,22,10,2014,13,13,22,10,2014,13,56
945212,6,11,2014,10,33,6,11,2014,11,48
945220,20,10,2014,10,3,20,10,2014,11,5
945262,27,11,2014,18,31,27,11,2014,19,21
945296,9,10,2014,17,21,9,10,2014,18,4
945301,19,11,2014,15,59,19,11,2014,16,34
945319,27,10,2014,15,30,27,10,2014,16,35
945369,7,11,2014,15,0,7,11,2014,16,3
945466,23,10,2014,10,0,23,10,2014,10,54
945521,17,10,2014,10,39,17,10,2014,11,41
945555,11,10,2014,11,9,11,10,2014,11,58
945563,21,10,2014,14,50,21,10,2014,15,48
945571,29,10,2014,10,9,29,10,2014,10,56
945652,14,12,2014,11,5,14,12,2014,12,0
945660,22,10,2014,15,12,22,10,2014,16,24
945686,24,10,2014,9,16,24,10,2014,10,54
945733,4,12,2014,9,36,4,12,2014,10,32
945759,25,11,2014,12,14,25,11,2014,13,6
945767,14,11,2014,16,15,14,11,2014,17,11
945791,10,10,2014,17,17,10,10,2014,18,16
945806,3,11,2014,10,0,3,11,2014,10,36
945814,18,10,2014,14,6,18,10,2014,15,10
945822,22,10,2014,10,0,22,10,2014,11,8
945830,4,11,2014,14,4,4,11,2014,15,19
945856,22,10,2014,19,38,22,10,2014,20,44
945872,13,10,2014,11,18,13,10,2014,12,22
945903,21,10,2014,13,30,21,10,2014,14,32
945937,12,1,2015,18,5,12,1,2015,18,41
945953,26,11,2014,15,39,26,11,2014,16,7
945961,25,11,2014,16,25,25,11,2014,17,22
946014,14,10,2014,11,1,14,10,2014,12,3
946030,22,12,2014,10,5,22,12,2014,10,52
946064,28,10,2014,11,27,28,10,2014,12,20
946072,13,11,2014,17,22,13,11,2014,18,7
946098,8,11,2014,10,13,8,11,2014,11,24
946129,17,12,2014,11,19,17,12,2014,12,28
946153,21,11,2014,10,45,21,11,2014,11,14
946161,4,10,2014,19,21,4,10,2014,20,3
946195,19,11,2014,17,41,19,11,2014,18,35
946218,7,10,2014,16,12,7,10,2014,17,12
946250,10,11,2014,11,16,10,11,2014,12,3
946268,17,11,2014,16,15,17,11,2014,17,14
946276,25,11,2014,18,52,25,11,2014,19,47
946292,25,11,2014,10,0,25,11,2014,10,54
946331,23,10,2014,10,8,23,10,2014,11,16
946349,30,10,2014,14,0,30,10,2014,14,57
946373,10,11,2014,15,11,10,11,2014,15,58
946381,15,12,2014,16,15,15,12,2014,17,14
946404,17,11,2014,14,3,17,11,2014,15,7
946412,3,10,2014,10,0,3,10,2014,11,0
946446,6,11,2014,16,4,6,11,2014,16,44
946488,7,1,2015,11,5,7,1,2015,12,10
946496,23,10,2014,19,19,23,10,2014,20,14
946519,15,11,2014,9,37,15,11,2014,10,33
946527,21,10,2014,11,0,21,10,2014,12,16
946535,15,11,2014,14,19,15,11,2014,15,29
946569,16,10,2014,10,29,16,10,2014,11,21
946585,5,11,2014,19,14,5,11,2014,20,9
946616,14,11,2014,15,27,14,11,2014,16,15
946624,17,11,2014,19,38,17,11,2014,20,35
946658,8,12,2014,15,3,8,12,2014,16,7
946666,13,11,2014,15,34,13,11,2014,16,12
946682,23,10,2014,19,18,23,10,2014,19,57
946690,13,10,2014,10,20,13,10,2014,11,11
946721,10,11,2014,16,42,10,11,2014,17,49
946747,24,11,2014,18,31,24,11,2014,19,24
946755,21,10,2014,9,3,21,10,2014,10,45
946797,30,10,2014,17,34,30,10,2014,18,14
946810,24,11,2014,14,6,24,11,2014,14,44
946828,7,11,2014,10,0,7,11,2014,11,5
946836,10,10,2014,12,7,10,10,2014,12,53
946852,12,10,2014,14,0,12,10,2014,15,7
946886,19,11,2014,15,5,19,11,2014,15,38
946917,25,11,2014,18,0,25,11,2014,18,41
946925,17,12,2014,10,25,17,12,2014,10,56
946933,26,10,2014,15,25,26,10,2014,16,26
946959,24,10,2014,17,14,24,10,2014,17,59
946967,22,10,2014,18,30,22,10,2014,19,40
946975,21,11,2014,8,1,21,11,2014,8,44
947010,19,11,2014,9,58,19,11,2014,10,45
947028,3,12,2014,16,3,3,12,2014,16,59
947060,3,11,2014,17,14,3,11,2014,18,23
947078,10,11,2014,19,11,10,11,2014,20,0
947086,25,11,2014,19,8,25,11,2014,19,59
947117,1,12,2014,10,0,1,12,2014,10,56
947141,21,11,2014,8,31,21,11,2014,9,8
947159,10,12,2014,14,2,10,12,2014,15,1
947167,31,10,2014,17,16,31,10,2014,18,11
947214,30,10,2014,9,15,30,10,2014,9,54
947230,28,10,2014,16,21,28,10,2014,17,24
947248,2,12,2014,9,3,2,12,2014,9,58
947256,19,12,2014,10,33,19,12,2014,11,37
947272,14,12,2014,12,0,14,12,2014,13,1
947280,6,10,2014,16,16,6,10,2014,17,32
947303,2,12,2014,15,12,2,12,2014,16,13
947329,6,10,2014,19,2,6,10,2014,20,9
947337,12,1,2015,19,3,12,1,2015,20,32
947345,27,10,2014,19,10,27,10,2014,19,51
947379,7,11,2014,14,18,7,11,2014,15,0
947395,19,10,2014,12,13,19,10,2014,13,36
947400,1,12,2014,15,57,1,12,2014,16,47
947450,24,10,2014,9,5,24,10,2014,9,54
947476,2,10,2014,10,21,2,10,2014,11,35
947484,20,10,2014,14,24,20,10,2014,15,53
947492,15,10,2014,18,3,15,10,2014,18,56
947507,22,10,2014,10,25,22,10,2014,11,21
947515,6,10,2014,14,54,6,10,2014,15,32
947523,7,11,2014,15,58,7,11,2014,16,56
947557,19,11,2014,20,25,19,11,2014,21,52
947565,13,11,2014,16,32,13,11,2014,17,32
947612,21,10,2014,10,46,21,10,2014,11,56
947638,27,10,2014,10,5,27,10,2014,11,17
947646,3,12,2014,12,6,3,12,2014,13,6
947662,25,11,2014,8,58,25,11,2014,9,51
947719,21,10,2014,16,9,21,10,2014,17,49
947735,15,10,2014,17,35,15,10,2014,18,30
947751,29,10,2014,11,10,29,10,2014,12,5
947769,24,10,2014,10,17,24,10,2014,11,5
947793,13,11,2014,16,7,13,11,2014,16,50
947808,21,10,2014,12,5,21,10,2014,12,57
947816,11,12,2014,12,35,11,12,2014,14,28
947840,3,12,2014,15,30,3,12,2014,16,15
947858,13,10,2014,16,7,13,10,2014,17,3
947874,7,11,2014,12,59,7,11,2014,13,58
947882,17,11,2014,17,14,17,11,2014,18,1
947890,18,12,2014,16,8,18,12,2014,16,53
947905,26,10,2014,13,10,26,10,2014,14,0
947921,9,10,2014,16,16,9,10,2014,17,5
947947,23,10,2014,14,12,23,10,2014,15,2
947971,19,11,2014,15,9,19,11,2014,15,52
947989,1,11,2014,9,17,1,11,2014,10,36
947997,14,11,2014,16,38,14,11,2014,17,21
948016,1,10,2014,18,5,1,10,2014,19,32
948074,26,11,2014,16,11,26,11,2014,16,51
948082,22,10,2014,11,33,22,10,2014,12,18
948113,25,11,2014,11,14,25,11,2014,12,15
948121,14,10,2014,17,24,14,10,2014,18,41
948189,11,12,2014,12,55,11,12,2014,13,32
948197,12,12,2014,16,8,12,12,2014,16,59
948202,11,11,2014,19,55,11,11,2014,20,51
948244,20,10,2014,19,5,20,10,2014,19,47
948286,21,10,2014,19,4,21,10,2014,20,0
948294,23,10,2014,18,36,23,10,2014,19,44
948333,25,10,2014,13,38,25,10,2014,14,33
948341,21,10,2014,11,4,21,10,2014,12,2
948359,4,11,2014,10,12,4,11,2014,11,15
948375,14,11,2014,10,31,14,11,2014,11,24
948383,28,10,2014,13,3,28,10,2014,14,13
948391,23,10,2014,13,8,23,10,2014,14,0
948406,6,10,2014,14,0,6,10,2014,14,43
948414,10,12,2014,9,1,10,12,2014,9,42
948422,2,10,2014,15,30,2,10,2014,16,28
948448,20,10,2014,13,0,20,10,2014,13,59
948456,5,11,2014,10,5,5,11,2014,11,0
948472,11,11,2014,12,0,11,11,2014,13,10
948480,29,10,2014,10,0,29,10,2014,10,32
948529,8,10,2014,16,0,8,10,2014,17,11
948545,5,11,2014,16,12,5,11,2014,16,56
948595,15,10,2014,10,5,15,10,2014,11,25
948600,29,10,2014,18,50,29,10,2014,19,54
948618,8,10,2014,16,20,8,10,2014,17,8
948650,24,10,2014,10,4,24,10,2014,11,7
948676,3,11,2014,15,15,3,11,2014,16,13
948715,17,11,2014,16,18,17,11,2014,17,22
948731,29,10,2014,10,0,29,10,2014,11,9
948757,3,11,2014,16,35,3,11,2014,17,54
948765,5,10,2014,15,30,5,10,2014,16,35
948781,27,10,2014,16,37,27,10,2014,17,45
948838,24,10,2014,16,3,24,10,2014,16,47
948846,27,11,2014,14,32,27,11,2014,15,41
948854,6,10,2014,10,55,6,10,2014,11,43
948896,21,10,2014,17,33,21,10,2014,18,39
948901,11,10,2014,15,5,11,10,2014,16,11
948919,4,11,2014,11,34,4,11,2014,12,56
948927,8,10,2014,19,8,8,10,2014,20,1
948943,21,10,2014,10,44,21,10,2014,11,45
948993,28,10,2014,13,5,28,10,2014,14,15
949004,18,11,2014,19,25,18,11,2014,20,20
949012,10,11,2014,14,10,10,11,2014,15,2
949020,28,10,2014,16,16,28,10,2014,17,7
949046,19,11,2014,8,40,19,11,2014,9,44
949054,4,11,2014,9,59,4,11,2014,11,12
949070,19,10,2014,9,9,19,10,2014,9,55
949096,5,11,2014,18,45,5,11,2014,19,42
949119,6,11,2014,11,1,6,11,2014,12,17
949135,11,1,2015,13,6,11,1,2015,13,53
949143,4,12,2014,16,50,4,12,2014,17,39
949185,10,11,2014,10,24,10,11,2014,11,17
949193,3,11,2014,17,9,3,11,2014,17,55
949208,20,10,2014,17,31,20,10,2014,18,24
949216,18,11,2014,19,0,18,11,2014,19,57
949224,17,11,2014,15,55,17,11,2014,16,43
949258,14,10,2014,9,35,14,10,2014,10,33
949274,29,10,2014,17,10,29,10,2014,18,15
949305,14,10,2014,15,15,14,10,2014,16,4
949313,5,11,2014,16,15,5,11,2014,17,48
949321,19,11,2014,10,0,19,11,2014,10,48
949339,9,12,2014,14,3,9,12,2014,15,42
949363,20,10,2014,11,23,20,10,2014,12,20
949389,3,10,2014,12,9,3,10,2014,13,21
949397,26,11,2014,11,6,26,11,2014,12,5
949436,11,12,2014,17,17,11,12,2014,18,51
949444,17,11,2014,15,0,17,11,2014,15,50
949486,30,10,2014,10,20,30,10,2014,11,34
949494,16,12,2014,10,5,16,12,2014,10,54
949509,20,11,2014,19,55,20,11,2014,20,36
949517,22,10,2014,13,53,22,10,2014,14,39
949541,8,12,2014,19,38,8,12,2014,20,20
949583,19,11,2014,17,50,19,11,2014,18,41
949591,21,10,2014,16,35,21,10,2014,17,27
949606,11,11,2014,15,47,11,11,2014,16,30
949614,17,11,2014,16,50,17,11,2014,17,50
949622,31,10,2014,10,25,31,10,2014,12,40
949630,29,10,2014,11,40,29,10,2014,12,48
949648,24,10,2014,8,35,24,10,2014,9,13
949680,14,10,2014,11,10,14,10,2014,12,24
949703,5,12,2014,8,1,5,12,2014,8,41
949711,18,11,2014,11,1,18,11,2014,11,46
949745,29,10,2014,10,4,29,10,2014,11,13
949779,11,11,2014,16,10,11,11,2014,17,40
949787,11,11,2014,17,24,11,11,2014,18,12
949800,12,11,2014,18,16,12,11,2014,19,2
949826,26,11,2014,18,15,26,11,2014,19,19
949868,8,10,2014,13,45,8,10,2014,14,15
949876,22,10,2014,18,13,22,10,2014,19,9
949892,4,12,2014,16,30,4,12,2014,17,43
949907,16,10,2014,10,23,16,10,2014,11,29
949915,10,11,2014,13,0,10,11,2014,13,51
949923,12,12,2014,10,10,12,12,2014,11,16
949931,26,11,2014,10,14,26,11,2014,11,14
949981,14,10,2014,11,30,14,10,2014,12,30
949999,3,11,2014,8,56,3,11,2014,9,45
950037,2,10,2014,16,16,2,10,2014,17,24
950053,8,11,2014,13,44,8,11,2014,14,20
950061,4,11,2014,15,8,4,11,2014,15,47
950079,8,10,2014,17,10,8,10,2014,18,31
950095,27,10,2014,14,27,27,10,2014,15,35
950118,10,12,2014,13,16,10,12,2014,14,12
950134,21,11,2014,10,0,21,11,2014,11,50
950150,23,10,2014,16,35,23,10,2014,17,23
950184,15,10,2014,16,30,15,10,2014,17,15
950192,28,10,2014,12,5,28,10,2014,12,44
950249,15,12,2014,18,29,15,12,2014,19,12
950273,3,12,2014,12,0,3,12,2014,12,47
950304,23,10,2014,13,13,23,10,2014,14,17
950320,29,10,2014,16,32,29,10,2014,17,12
950346,30,10,2014,16,7,30,10,2014,17,9
950354,16,10,2014,18,0,16,10,2014,18,53
950362,26,10,2014,17,5,26,10,2014,18,0
950427,6,10,2014,11,58,6,10,2014,12,46
950443,24,10,2014,16,5,24,10,2014,16,49
950469,29,10,2014,10,41,29,10,2014,11,26
950477,27,11,2014,16,54,27,11,2014,17,44
950493,26,11,2014,9,0,26,11,2014,9,42
950508,31,10,2014,16,54,31,10,2014,17,50
950516,16,10,2014,17,43,16,10,2014,18,50
